{"cameraMode":{"drawMode":0,"name":"Shaded","section":"Shading Mode"},"sceneLighting":true,"audioPlay":false,"sceneViewState":{"showFog":true,"showMaterialUpdate":false,"showSkybox":true,"showFlares":true,"showImageEffects":true,"showParticleSystems":true},"in2DMode":false,"pivot":{"x":75.19999694824219,"y":408.8999938964844,"z":0.0},"rotation":{"x":0.004976368509232998,"y":-0.9921292066574097,"z":0.04200311005115509,"w":0.11785880476236344},"size":252.4844970703125,"orthographic":false}